{"cameraMode":{"drawMode":0,"name":"Shaded","section":"Shading Mode"},"sceneLighting":false,"audioPlay":false,"sceneViewState":{"showFog":true,"showMaterialUpdate":false,"showSkybox":false,"showFlares":true,"showImageEffects":true,"showParticleSystems":true},"in2DMode":false,"pivot":{"x":1.4901161193847657e-8,"y":0.19175198674201966,"z":-0.07813924551010132},"rotation":{"x":0.06682796031236649,"y":0.22753487527370454,"z":0.015653973445296289,"w":-0.9713525772094727},"size":0.3613698184490204,"orthographic":false}