{"cameraMode":{"drawMode":0,"name":"Shaded","section":"Shading Mode"},"sceneLighting":true,"audioPlay":false,"sceneViewState":{"showFog":true,"showMaterialUpdate":false,"showSkybox":true,"showFlares":true,"showImageEffects":true,"showParticleSystems":true},"in2DMode":false,"pivot":{"x":-17.102399826049806,"y":-15.061055183410645,"z":30.30179786682129},"rotation":{"x":0.0029676686972379686,"y":0.1464705914258957,"z":-0.0004394063726067543,"w":0.9892109036445618},"size":6.5295023918151859,"orthographic":true}